{"cameraMode":{"drawMode":0,"name":"Shaded","section":"Shading Mode"},"sceneLighting":false,"audioPlay":false,"sceneViewState":{"m_AlwaysRefresh":false,"showFog":true,"showSkybox":false,"showFlares":true,"showImageEffects":true,"showParticleSystems":true,"showVisualEffectGraphs":true,"m_FxEnabled":true},"in2DMode":false,"pivot":{"x":-0.18087279796600343,"y":0.5903497338294983,"z":0.5403457880020142},"rotation":{"x":0.0052881729789078239,"y":0.9943719506263733,"z":-0.08672931790351868,"w":0.06063026189804077},"size":0.8816982507705689,"orthographic":false}