{"cameraMode":{"drawMode":0,"name":"Shaded","section":"Shading Mode"},"sceneLighting":false,"audioPlay":false,"sceneViewState":{"m_AlwaysRefresh":false,"showFog":true,"showSkybox":false,"showFlares":true,"showImageEffects":true,"showParticleSystems":true,"showVisualEffectGraphs":true,"m_FxEnabled":true},"in2DMode":false,"pivot":{"x":-5.291059970855713,"y":2.645564556121826,"z":12.003724098205567},"rotation":{"x":0.05066961050033569,"y":-0.007782547269016504,"z":0.00036353207542560995,"w":0.9987075328826904},"size":1.8907294273376465,"orthographic":false}