{"cameraMode":{"drawMode":0,"name":"Shaded","section":"Shading Mode"},"sceneLighting":false,"audioPlay":false,"sceneViewState":{"m_AlwaysRefresh":false,"showFog":true,"showSkybox":false,"showFlares":true,"showImageEffects":true,"showParticleSystems":true,"showVisualEffectGraphs":true,"m_FxEnabled":true},"in2DMode":false,"pivot":{"x":-3.568732261657715,"y":38.65041732788086,"z":-17.291057586669923},"rotation":{"x":0.39506179094314577,"y":0.05121332406997681,"z":-0.022070666775107385,"w":0.9169771075248718},"size":3.5889151096343996,"orthographic":false}