{"cameraMode":{"drawMode":0,"name":"Shaded","section":"Shading Mode"},"sceneLighting":false,"audioPlay":false,"sceneViewState":{"m_AlwaysRefresh":false,"showFog":true,"showSkybox":false,"showFlares":true,"showImageEffects":true,"showParticleSystems":true,"showVisualEffectGraphs":true,"m_FxEnabled":true},"in2DMode":false,"pivot":{"x":-18.370891571044923,"y":0.06695842742919922,"z":2.0508229732513429},"rotation":{"x":0.11260297894477844,"y":-0.8742204308509827,"z":0.2430737018585205,"w":0.4049561619758606},"size":2.6482980251312258,"orthographic":false}