{"cameraMode":{"drawMode":0,"name":"Shaded","section":"Shading Mode"},"sceneLighting":false,"audioPlay":false,"sceneViewState":{"m_AlwaysRefresh":false,"showFog":true,"showSkybox":false,"showFlares":true,"showImageEffects":true,"showParticleSystems":true,"showVisualEffectGraphs":true,"m_FxEnabled":true},"in2DMode":false,"pivot":{"x":-13.81920337677002,"y":2.3399744033813478,"z":12.031826972961426},"rotation":{"x":0.007187473587691784,"y":0.02970443293452263,"z":-0.0002448409213684499,"w":0.999555230140686},"size":1.209479570388794,"orthographic":false}