{"cameraMode":{"drawMode":0,"name":"Shaded","section":"Shading Mode"},"sceneLighting":false,"audioPlay":false,"sceneViewState":{"m_AlwaysRefresh":false,"showFog":true,"showSkybox":false,"showFlares":true,"showImageEffects":true,"showParticleSystems":true,"showVisualEffectGraphs":true,"m_FxEnabled":true},"in2DMode":false,"pivot":{"x":0.26331353187561037,"y":-0.9729869365692139,"z":1.193963885307312},"rotation":{"x":0.29049837589263918,"y":0.030135376378893853,"z":-0.009153601713478566,"w":0.9563581347465515},"size":3.4225921630859377,"orthographic":false}