{"cameraMode":{"drawMode":0,"name":"Shaded","section":"Shading Mode"},"sceneLighting":false,"audioPlay":false,"sceneViewState":{"m_AlwaysRefresh":false,"showFog":true,"showSkybox":false,"showFlares":true,"showImageEffects":true,"showParticleSystems":true,"showVisualEffectGraphs":true,"m_FxEnabled":true},"in2DMode":false,"pivot":{"x":-2.0512709617614748,"y":2.8749642372131349,"z":2.8247203826904299},"rotation":{"x":0.27852487564086916,"y":-0.29352477192878725,"z":0.08983345329761505,"w":0.9100565314292908},"size":2.586195230484009,"orthographic":false}