{"cameraMode":{"drawMode":0,"name":"Shaded","section":"Shading Mode"},"sceneLighting":false,"audioPlay":false,"sceneViewState":{"m_AlwaysRefresh":false,"showFog":true,"showSkybox":false,"showFlares":true,"showImageEffects":true,"showParticleSystems":true,"showVisualEffectGraphs":true,"m_FxEnabled":true},"in2DMode":false,"pivot":{"x":-0.4032329320907593,"y":0.6564846038818359,"z":0.6082851886749268},"rotation":{"x":0.00193949812091887,"y":0.9853518009185791,"z":-0.17015674710273744,"w":0.011231679469347},"size":1.4830290079116822,"orthographic":false}