{"cameraMode":{"drawMode":0,"name":"Shaded","section":"Shading Mode"},"sceneLighting":false,"audioPlay":false,"sceneViewState":{"m_AlwaysRefresh":false,"showFog":true,"showSkybox":false,"showFlares":true,"showImageEffects":true,"showParticleSystems":true,"showVisualEffectGraphs":true,"m_FxEnabled":true},"in2DMode":false,"pivot":{"x":-9.861442565917969,"y":2.145653247833252,"z":12.049530982971192},"rotation":{"x":0.0850900337100029,"y":-0.0032816671300679447,"z":0.0002488775353413075,"w":0.9963904023170471},"size":1.209479570388794,"orthographic":false}