{"cameraMode":{"drawMode":0,"name":"Shaded","section":"Shading Mode"},"sceneLighting":false,"audioPlay":false,"sceneViewState":{"m_AlwaysRefresh":false,"showFog":true,"showSkybox":false,"showFlares":true,"showImageEffects":true,"showParticleSystems":true,"showVisualEffectGraphs":true,"m_FxEnabled":true},"in2DMode":false,"pivot":{"x":-18.496679306030275,"y":3.6329867839813234,"z":15.762040138244629},"rotation":{"x":0.25650322437286379,"y":-0.053045835345983508,"z":0.014098714105784893,"w":0.964993417263031},"size":1.9561271667480469,"orthographic":false}