{"cameraMode":{"drawMode":0,"name":"Shaded","section":"Shading Mode"},"sceneLighting":false,"audioPlay":false,"sceneViewState":{"m_AlwaysRefresh":false,"showFog":true,"showSkybox":false,"showFlares":true,"showImageEffects":true,"showParticleSystems":true,"showVisualEffectGraphs":true,"m_FxEnabled":true},"in2DMode":false,"pivot":{"x":-0.7415144443511963,"y":0.7323688864707947,"z":-0.5182185173034668},"rotation":{"x":0.0009645124082453549,"y":0.9986470341682434,"z":0.04797177389264107,"w":-0.020077435299754144},"size":2.2589681148529054,"orthographic":false}