{"cameraMode":{"drawMode":0,"name":"Shaded","section":"Shading Mode"},"sceneLighting":true,"audioPlay":false,"sceneViewState":{"m_AlwaysRefresh":false,"showFog":true,"showSkybox":true,"showFlares":true,"showImageEffects":true,"showParticleSystems":true,"showVisualEffectGraphs":true,"m_FxEnabled":true},"in2DMode":false,"pivot":{"x":-15.169178009033204,"y":5.4914374351501469,"z":-4.707075119018555},"rotation":{"x":0.2690320909023285,"y":0.008667701855301857,"z":-0.002422349527478218,"w":0.9630928039550781},"size":7.229225158691406,"orthographic":false}