{"cameraMode":{"drawMode":0,"name":"Shaded","section":"Shading Mode"},"sceneLighting":true,"audioPlay":false,"sceneViewState":{"m_AlwaysRefresh":false,"showFog":true,"showSkybox":true,"showFlares":true,"showImageEffects":true,"showParticleSystems":true,"showVisualEffectGraphs":true,"m_FxEnabled":true},"in2DMode":false,"pivot":{"x":0.49869900941848757,"y":1.0009820461273194,"z":7.493352890014648},"rotation":{"x":0.33776992559432986,"y":-0.04770385101437569,"z":0.017112020403146745,"w":0.9398894309997559},"size":5.06404972076416,"orthographic":false}