{"cameraMode":{"drawMode":0,"name":"Shaded","section":"Shading Mode"},"sceneLighting":true,"audioPlay":false,"sceneViewState":{"m_AlwaysRefresh":false,"showFog":true,"showSkybox":true,"showFlares":true,"showImageEffects":true,"showParticleSystems":true,"showVisualEffectGraphs":true,"m_FxEnabled":true},"in2DMode":false,"pivot":{"x":-1.927320122718811,"y":3.7876782417297365,"z":-5.5474443435668949},"rotation":{"x":-0.1505463421344757,"y":-0.033791009336709979,"z":0.005148481577634811,"w":-0.9880132079124451},"size":5.303579330444336,"orthographic":false}