{"cameraMode":{"drawMode":0,"name":"Shaded","section":"Shading Mode"},"sceneLighting":true,"audioPlay":false,"sceneViewState":{"m_AlwaysRefresh":false,"showFog":true,"showSkybox":true,"showFlares":true,"showImageEffects":true,"showParticleSystems":true,"showVisualEffectGraphs":true,"m_FxEnabled":true},"in2DMode":false,"pivot":{"x":20.969757080078126,"y":7.996375560760498,"z":9.661592483520508},"rotation":{"x":0.025179553776979448,"y":-0.02877936325967312,"z":0.0006965391803532839,"w":0.9992906451225281},"size":2.7667665481567385,"orthographic":false}