{"cameraMode":{"drawMode":0,"name":"Shaded","section":"Shading Mode"},"sceneLighting":true,"audioPlay":false,"sceneViewState":{"m_AlwaysRefresh":false,"showFog":true,"showSkybox":true,"showFlares":true,"showImageEffects":true,"showParticleSystems":true,"showVisualEffectGraphs":true,"m_FxEnabled":true},"in2DMode":false,"pivot":{"x":-0.32617688179016116,"y":3.1908717155456545,"z":-5.0462846755981449},"rotation":{"x":0.1811002492904663,"y":0.16638454794883729,"z":-0.031106218695640565,"w":0.9687972068786621},"size":11.74142074584961,"orthographic":false}