{"cameraMode":{"drawMode":0,"name":"Shaded","section":"Shading Mode"},"sceneLighting":true,"audioPlay":false,"sceneViewState":{"m_AlwaysRefresh":false,"showFog":true,"showSkybox":true,"showFlares":true,"showImageEffects":true,"showParticleSystems":true,"showVisualEffectGraphs":true,"m_FxEnabled":true},"in2DMode":false,"pivot":{"x":0.09674032032489777,"y":-0.15685653686523438,"z":-0.3812074661254883},"rotation":{"x":0.4591010510921478,"y":-0.006394458934664726,"z":0.003293657908216119,"w":0.8883655667304993},"size":12.002056121826172,"orthographic":false}