{"cameraMode":{"drawMode":0,"name":"Shaded","section":"Shading Mode"},"sceneLighting":true,"audioPlay":false,"sceneViewState":{"m_AlwaysRefresh":false,"showFog":true,"showSkybox":true,"showFlares":true,"showImageEffects":true,"showParticleSystems":true,"showVisualEffectGraphs":true,"m_FxEnabled":true},"in2DMode":false,"pivot":{"x":-6.061945915222168,"y":-0.04711151123046875,"z":0.8023881912231445},"rotation":{"x":-0.4444817900657654,"y":0.16390204429626466,"z":-0.08309485763311386,"w":-0.8767392039299011},"size":12.723928451538086,"orthographic":false}