{"cameraMode":{"drawMode":0,"name":"Shaded","section":"Shading Mode"},"sceneLighting":true,"audioPlay":false,"sceneViewState":{"m_AlwaysRefresh":false,"showFog":true,"showSkybox":true,"showFlares":true,"showImageEffects":true,"showParticleSystems":true,"showVisualEffectGraphs":true,"m_FxEnabled":true},"in2DMode":false,"pivot":{"x":0.2398998886346817,"y":-5.81879997253418,"z":0.6567049026489258},"rotation":{"x":0.5629044771194458,"y":0.0024795369245111944,"z":-0.0016887205420061946,"w":0.8265177011489868},"size":8.448760032653809,"orthographic":false}