{"cameraMode":{"drawMode":0,"name":"Shaded","section":"Shading Mode"},"sceneLighting":true,"audioPlay":false,"sceneViewState":{"m_AlwaysRefresh":false,"showFog":true,"showSkybox":true,"showFlares":true,"showImageEffects":true,"showParticleSystems":true,"showVisualEffectGraphs":true,"m_FxEnabled":true},"in2DMode":false,"pivot":{"x":-1.1161434650421143,"y":1.6677978038787842,"z":0.37372565269470217},"rotation":{"x":-0.2519643008708954,"y":0.0017535729566588998,"z":-0.0004576243518386036,"w":-0.9677373766899109},"size":9.476397514343262,"orthographic":false}