{"cameraMode":{"drawMode":0,"name":"Shaded","section":"Shading Mode"},"sceneLighting":true,"audioPlay":false,"sceneViewState":{"m_AlwaysRefresh":false,"showFog":true,"showSkybox":true,"showFlares":true,"showImageEffects":true,"showParticleSystems":true,"showVisualEffectGraphs":true,"m_FxEnabled":true},"in2DMode":false,"pivot":{"x":-5.372298240661621,"y":2.5485970973968508,"z":9.143543243408204},"rotation":{"x":0.11184794455766678,"y":-0.11154971271753311,"z":0.012635874561965466,"w":0.987369179725647},"size":1.4593679904937745,"orthographic":false}