{"cameraMode":{"drawMode":0,"name":"Shaded","section":"Shading Mode"},"sceneLighting":true,"audioPlay":false,"sceneViewState":{"m_AlwaysRefresh":false,"showFog":true,"showSkybox":true,"showFlares":true,"showImageEffects":true,"showParticleSystems":true,"showVisualEffectGraphs":true,"m_FxEnabled":true},"in2DMode":false,"pivot":{"x":-12.762113571166993,"y":-3.343949317932129,"z":6.059372901916504},"rotation":{"x":0.15882264077663423,"y":-0.45405715703964236,"z":0.08261082321405411,"w":0.8728126883506775},"size":13.267662048339844,"orthographic":false}