{"cameraMode":{"drawMode":0,"name":"Shaded","section":"Shading Mode"},"sceneLighting":false,"audioPlay":false,"sceneViewState":{"m_AlwaysRefresh":false,"showFog":true,"showSkybox":false,"showFlares":true,"showImageEffects":true,"showParticleSystems":true,"showVisualEffectGraphs":true,"m_FxEnabled":true},"in2DMode":false,"pivot":{"x":407.1208801269531,"y":240.15817260742188,"z":-44.791446685791019},"rotation":{"x":0.07731955498456955,"y":-0.00897301360964775,"z":0.0006959707825444639,"w":0.996966540813446},"size":276.2538757324219,"orthographic":false}