{"cameraMode":{"drawMode":0,"name":"Shaded","section":"Shading Mode"},"sceneLighting":false,"audioPlay":false,"sceneViewState":{"m_AlwaysRefresh":false,"showFog":true,"showSkybox":false,"showFlares":true,"showImageEffects":true,"showParticleSystems":true,"showVisualEffectGraphs":true,"m_FxEnabled":true},"in2DMode":false,"pivot":{"x":-6.172235488891602,"y":1.0021121501922608,"z":5.784344673156738},"rotation":{"x":0.05426505580544472,"y":-0.9393203258514404,"z":0.17617177963256837,"w":0.28932783007621767},"size":1.8777172565460206,"orthographic":false}