{"cameraMode":{"drawMode":0,"name":"Shaded","section":"Shading Mode"},"sceneLighting":false,"audioPlay":false,"sceneViewState":{"m_AlwaysRefresh":false,"showFog":true,"showSkybox":false,"showFlares":true,"showImageEffects":true,"showParticleSystems":true,"showVisualEffectGraphs":true,"m_FxEnabled":true},"in2DMode":false,"pivot":{"x":0.1064305305480957,"y":1.007479190826416,"z":0.5774776339530945},"rotation":{"x":0.012664971873164177,"y":0.7974808216094971,"z":-0.016749434173107148,"w":0.60298091173172},"size":1.6000754833221436,"orthographic":false}